parameter,index,value,loss,delta_loss
θ1_global,1,1.0e-12,109430.42175899318,-902.408361993279
θ1_global,1,1.00000012958546e-12,110332.83012098646,0.0
θ1_global,1,0.00012000000099999913,109435.21145372035,-897.6186672661133
θ1_global,1,0.00030000000099999764,105288.99380461828,-5043.836316368179
θ1_global,1,0.0005700000009999954,83562.52484098569,-26770.30528000077
θ1_global,1,0.000975000000999992,83735.63699719784,-26597.193123788617
θ1_global,1,0.0015825000009999871,83999.1030048675,-26333.727116118956
θ1_global,1,0.0024937500009999795,84408.59820172322,-25924.231919263242
θ1_global,1,0.0038606250009999682,85036.09206261317,-25296.73805837329
θ1_global,1,0.005910937500999951,85976.97061613444,-24355.859504852022
θ1_global,1,0.008986406250999926,87363.65396421174,-22969.176156774716
θ1_global,1,0.01359960937599989,89289.79719402152,-21043.032926964937
θ1_global,1,0.020519414063499834,91781.88757033061,-18550.942550655847
θ1_global,1,0.03089912109474975,94786.2983331062,-15546.53178788026
θ1_global,1,0.046468681641624626,98163.72524805674,-12169.104872929718
θ1_global,1,0.06982302246193695,101661.21757132043,-8671.612549666024
θ1_global,1,0.10485453369240541,104931.54933754812,-5401.280783438342
θ1_global,1,0.1574018005381081,107768.61121144825,-2564.2189095382055
θ1_global,1,0.23622270080666213,109535.99216593984,-796.8379550466198
θ1_global,1,0.3544540512094932,110275.80358997674,-57.026531009716564
θ1_global,1,0.5318010768137398,110225.97828663647,-106.85183434998908
θ1_global,1,0.7978216152201096,110208.51434861537,-124.31577237109013
θ1_global,1,1.1968524228296644,110247.96620744206,-84.86391354439547
θ1_global,1,1.7953986342439965,110442.41656884817,109.58644786171499
θ2_global,2,1.0e-12,131296.19110163246,20963.360980646
θ2_global,2,18.597182351470526,109140.19133992697,-1192.6387810594897
θ2_global,2,36.822182351470374,109548.85646973504,-783.973651251421
θ2_global,2,48.97218235147027,109653.2850277056,-679.5450932808599
θ2_global,2,57.072182351470204,109699.6977868113,-633.1323341751558
θ2_global,2,62.47218235147016,109724.02339389302,-608.8067270934407
θ2_global,2,66.07218235147013,109748.66332923729,-584.1667917491723
θ2_global,2,68.47218235147011,110332.83012098646,0.0
θ2_global,2,70.87218235147009,109765.7042684319,-567.1258525545563
θ2_global,2,74.47218235147005,109765.39418311653,-567.4359378699301
θ2_global,2,79.87218235147,109779.92442116496,-552.9056998214946
θ2_global,2,87.97218235146994,109798.33488301825,-534.4952379682072
θ2_global,2,100.12218235146983,109820.28913890888,-512.5409820775822
θ2_global,2,118.34718235146968,109845.01955585476,-487.8105651317019
θ2_global,2,120.0,109847.42157321272,-485.408547773739
θ3_global,3,1.0e-12,714023.4733916781,603690.6432706916
θ3_global,3,6.387530835470322,104417.4351721948,-5915.394948791654
θ3_global,3,11.134228061828999,106461.89623290075,-3870.9338880857104
θ3_global,3,14.29869287940145,109090.66771328094,-1242.1624077055167
θ3_global,3,16.408336091116418,109496.52018359405,-836.3099373924051
θ3_global,3,17.814764898926395,109581.98752293384,-750.8425980526226
θ3_global,3,18.752384104133046,110332.83012098646,0.0
θ3_global,3,19.690003309339698,109102.09023491552,-1230.7398860709363
θ3_global,3,21.096432117149675,108000.40170587832,-2332.4284151081374
θ3_global,3,23.206075328864642,108171.92084553183,-2160.909275454629
θ3_global,3,26.370540146437094,108382.621783485,-1950.2083375014627
θ3_global,3,31.11723737279577,108625.44645752251,-1707.3836634639447
θ3_global,3,38.237283212333786,108885.94315054071,-1446.8869704457466
θ3_global,3,48.91735197164081,109145.27385142058,-1187.5562695658737
θ3_global,3,64.93745511060135,109385.370342953,-947.4597780334589
θ3_global,3,88.96760981904215,109593.41611647018,-739.4140045162785
θ3_global,3,120.0,109745.67544192527,-587.1546790611901
θ4_seg1,4,1.0e-12,109432.48071062358,-900.3494103628764
θ4_seg1,4,1.0010095188570824e-12,110332.83012098646,0.0
θ4_seg1,4,0.0005592000010010083,109440.32251517408,-892.5076058123814
θ4_seg1,4,0.0013980000010010065,108914.00178654781,-1418.8283344386437
θ4_seg1,4,0.002656200001001004,107628.41749329287,-2704.412627693586
θ4_seg1,4,0.004543500001001,101566.50470809046,-8766.325412895996
θ4_seg1,4,0.007374450001000995,105805.44044233397,-4527.389678652486
θ4_seg1,4,0.011620875001000987,108029.91020249503,-2302.9199184914323
θ4_seg1,4,0.017990512501000974,109184.92438301968,-1147.9057379667793
θ4_seg1,4,0.027544968751000952,109967.86060160497,-364.96951938148413
θ4_seg1,4,0.04187665312600092,110011.6519072938,-321.1782136926631
θ4_seg1,4,0.06337417968850087,110112.9237343428,-219.9063866436627
θ4_seg1,4,0.0956204695322508,110125.78634968276,-207.0437713036954
θ4_seg1,4,0.1439899042978757,110280.86979572174,-51.96032526472118
θ4_seg1,4,0.21654405644631303,110530.16922966679,197.33910868033126
θ5_seg1,5,1.0e-12,109433.7594369225,-899.0706840639614
θ5_seg1,5,1.0000046789491905e-12,110332.83012098646,0.0
θ5_seg1,5,0.0005592000010000035,109434.36986421235,-898.4602567741094
θ5_seg1,5,0.0013980000010000017,108301.28679912942,-2031.5433218570397
θ5_seg1,5,0.002656200000999999,85834.4137270547,-24498.41639393175
θ5_seg1,5,0.004543500000999996,87249.85765395868,-23082.97246702778
θ5_seg1,5,0.00737445000099999,89080.58945900413,-21252.24066198233
θ5_seg1,5,0.01162087500099998,91419.67738922185,-18913.15273176461
θ5_seg1,5,0.017990512500999967,94333.36233156906,-15999.467789417395
θ5_seg1,5,0.027544968750999946,97804.41749959739,-12528.41262138907
θ5_seg1,5,0.04187665312599992,101736.02819926014,-8596.80192172632
θ5_seg1,5,0.06337417968849987,105395.89198130855,-4936.938139677906
θ5_seg1,5,0.0956204695322498,107511.69913214033,-2821.1309888461255
θ5_seg1,5,0.1439899042978747,108786.98287010897,-1545.8472508774867
θ5_seg1,5,0.21654405644631203,109500.54742197818,-832.2826990082831
θ5_seg1,5,0.32537528466896803,109864.72297988548,-468.10714110097615
θ5_seg1,5,0.48862212700295204,110057.29010090764,-275.54002007881354
θ5_seg1,5,0.7334923905039281,110117.03812466607,-215.79199632038944
θ5_seg1,5,1.100797785755392,110170.70292147,-162.12719951645704
θ5_seg1,5,1.651755878632588,110354.65129014241,21.82116915595543
θ6_seg1,6,1.0e-12,109826.52057663808,-506.3095443483762
θ6_seg1,6,3.2491020574275167,109907.32624194451,-425.5038790419494
θ6_seg1,6,5.663572393680992,109962.99955760766,-369.8305633787968
θ6_seg1,6,7.273219284516642,109999.6740014219,-333.1561195645627
θ6_seg1,6,8.34631721174041,110023.71887810469,-309.11124288177234
θ6_seg1,6,9.061715829889588,110051.69252969284,-281.13759129362006
θ6_seg1,6,9.538648241989039,110332.83012098646,0.0
θ6_seg1,6,10.01558065408849,110074.14620835923,-258.68391262722434
θ6_seg1,6,10.730979272237668,110078.39840821523,-254.43171277122747
θ6_seg1,6,11.804077199461435,110103.63283577094,-229.19728521551588
θ6_seg1,6,13.413724090297086,110142.21643671242,-190.61368427403795
θ6_seg1,6,15.82819442655056,110201.74277089599,-131.08735009047086
θ6_seg1,6,19.449899930930773,110294.76230520694,-38.06781577951915
θ6_seg1,6,24.882458187501094,110442.74491928788,109.91479830142634
θ7_seg1,7,1.0e-12,95284.54253524302,-15048.287585743441
θ7_seg1,7,7.760067193118118,106657.27377398552,-3675.5563470009365
θ7_seg1,7,30.20883300178129,108894.29750608746,-1438.5326148989989
θ7_seg1,7,52.65759881044446,109325.63669456117,-1007.1934264252923
θ7_seg1,7,67.62344268288658,109458.84796139738,-873.9821595890826
θ7_seg1,7,77.60067193118132,109520.44524712747,-812.3848738589877
θ7_seg1,7,84.25215809671116,109555.96326865951,-776.8668523269444
θ7_seg1,7,88.68648220706437,110332.83012098646,0.0
θ7_seg1,7,93.12080631741759,109603.34843561715,-729.4816853693046
θ7_seg1,7,99.77229248294742,109615.89376339913,-716.9363575873285
θ7_seg1,7,109.74952173124217,109645.34991282484,-687.4802081616217
θ7_seg1,7,124.71536560368429,109682.18828810193,-650.641832884532
θ7_seg1,7,147.16413141234747,109724.41050885277,-608.4196121336863
θ7_seg1,7,180.83728012534223,109769.32732379253,-563.5027971939271
θ7_seg1,7,231.34700319483437,109813.13690620183,-519.6932147846237
θ7_seg1,7,307.1115877990726,110002.27528653259,-330.55483445386926
θ7_seg1,7,420.7584647054299,112361.88557253651,2029.0554515500553
θ4_seg2,8,1.0e-12,109157.70719405494,-1175.1229269315227
θ4_seg2,8,0.04829931871510201,109178.06946962407,-1154.7606513623905
θ4_seg2,8,0.08419147298962737,109502.66841618283,-830.1617048036278
θ4_seg2,8,0.10811957583931095,109598.98144834844,-733.8486726380215
θ4_seg2,8,0.12407164440576667,109645.63197624592,-687.1981447405415
θ4_seg2,8,0.1347063567834038,109680.210365865,-652.6197551214573
θ4_seg2,8,0.1417961650351619,110332.83012098646,0.0
θ4_seg2,8,0.14888597328692,109699.99647448948,-632.8336464969761
θ4_seg2,8,0.15952068566455713,109718.34890208924,-614.4812188972137
θ4_seg2,8,0.17547275423101283,109741.80336697615,-591.0267540103087
θ4_seg2,8,0.1994008570806964,109770.03330796913,-562.7968130173249
θ4_seg2,8,0.23529301135522177,109801.64828723742,-531.1818337490404
θ4_seg2,8,0.2891312427670098,109834.32147308726,-498.5086478992016
θ4_seg2,8,0.36988858988469187,110157.8207135215,-175.00940746495326
θ4_seg2,8,0.49102461056121494,111423.22939431547,1090.399273329007
θ5_seg2,9,1.0e-12,84040.33053962592,-26292.499581360535
θ5_seg2,9,0.14318087564031892,108329.83513920123,-2002.994981785232
θ5_seg2,9,0.24958134285927158,109108.85149457894,-1223.9786264075228
θ5_seg2,9,0.32051498767190667,109348.17865560613,-984.6514653803315
θ5_seg2,9,0.3678040842136634,109458.12942900092,-874.7006919855339
θ5_seg2,9,0.39933014857483456,109595.42275769461,-737.4073632918444
θ5_seg2,9,0.4203475248156153,110332.83012098646,0.0
θ5_seg2,9,0.4413649010563961,109664.18390967077,-668.6462113156886
θ5_seg2,9,0.47289096541756726,109663.17987298642,-669.6502480000345
θ5_seg2,9,0.520180061959324,109677.39444916163,-655.4356718248309
θ5_seg2,9,0.5911137067719591,109740.79833164276,-592.0317893437023
θ5_seg2,9,0.6975141739909118,109812.03947904494,-520.7906419415231
θ5_seg2,9,0.8571148748193407,109888.84454462958,-443.9855763568776
θ5_seg2,9,1.0965159260619841,109967.07288024825,-365.7572407382104
θ5_seg2,9,1.4556175029259493,110021.31399861764,-311.5161223688192
θ5_seg2,9,1.9942698682218971,110058.44282544547,-274.3872955409897
θ5_seg2,9,2.8022484161658188,110173.33012540967,-159.4999955767853
θ5_seg2,9,4.014216238081701,111265.21880788782,932.3886869013659
θ6_seg2,10,1.0e-12,110696.3105783004,363.48045731394086
θ6_seg2,10,1.4501912235569168,108996.63392713989,-1336.1961938465683
θ6_seg2,10,2.5278562612460025,109404.87211216768,-927.9580088187795
θ6_seg2,10,3.2462996197053933,109528.78532865093,-804.0447923355241
θ6_seg2,10,3.72526185867832,109591.84064416232,-740.9894768241356
θ6_seg2,10,4.044570017993605,109637.52528829352,-695.304832692942
θ6_seg2,10,4.257442124203795,110332.83012098646,0.0
θ6_seg2,10,4.470314230413985,109665.66925472717,-667.1608662592917
θ6_seg2,10,4.78962238972927,109668.16503066616,-664.6650903202972
θ6_seg2,10,5.268584628702197,109692.36642935527,-640.4636916311865
θ6_seg2,10,5.9870279871615875,109724.1781370939,-608.6519838925597
θ6_seg2,10,7.064693024850673,109760.62027100907,-572.2098499773856
θ6_seg2,10,8.681190581384302,109798.65455026933,-534.1755707171251
θ6_seg2,10,11.105936916184744,109835.6996269499,-497.1304940365517
θ6_seg2,10,14.743056418385407,111697.9459031955,1365.1157822090463
θ7_seg2,11,1.0e-12,108183.72742850073,-2149.1026924857288
θ7_seg2,11,0.16930586198093078,107782.61039595037,-2550.2197250360914
θ7_seg2,11,0.295120309875017,107355.10411478998,-2977.726006196477
θ7_seg2,11,0.3789966084710744,106971.75471476262,-3361.075406223841
θ7_seg2,11,0.43491414086844604,106651.62786770539,-3681.202253281066
θ7_seg2,11,0.47219249580002715,109400.993875212,-931.8362457744515
θ7_seg2,11,0.4970447324210812,110332.83012098646,0.0
θ7_seg2,11,0.5218969690421352,109299.60690035677,-1033.2232206296903
θ7_seg2,11,0.5591753239737163,105636.27899752515,-4696.551123461308
θ7_seg2,11,0.6150928563710879,104946.64027560431,-5386.189845382149
θ7_seg2,11,0.6989691549671454,103347.4633071952,-6985.366813791261
θ7_seg2,11,0.8247836028612316,97577.25506315395,-12755.57505783251
θ7_seg2,11,1.013505274702361,83524.7872936471,-26808.042827339363
θ7_seg2,11,1.2965877824640548,106887.96675519607,-3444.8633657903847
θ7_seg2,11,1.7212115441065956,107092.63184109649,-3240.19827988997
θ7_seg2,11,2.358147186570407,107936.45905024673,-2396.371070739726
θ7_seg2,11,3.313550650266124,108959.963450652,-1372.8666703344643
θ7_seg2,11,4.746655845809699,109532.95373983824,-799.8763811482204
θ7_seg2,11,6.896313639125062,109872.41175469384,-460.4183662926225
θ7_seg2,11,10.120800329098106,110192.6120754818,-140.21804550466186
θ7_seg2,11,14.957530364057673,111786.6708857833,1453.8407647968415
θ4_seg3,12,1.0e-12,109672.47157640391,-660.3585445825447
θ4_seg3,12,0.0629791136912417,109319.12527391134,-1013.7048470751179
θ4_seg3,12,0.10978010643427456,109587.25536877401,-745.5747522124439
θ4_seg3,12,0.14098076826296313,109670.17565024056,-662.6544707458961
θ4_seg3,12,0.16178120948208885,109708.88958224276,-623.9405387437
θ4_seg3,12,0.17564817029483934,109740.60589959708,-592.2242213893769
θ4_seg3,12,0.184892810836673,110332.83012098646,0.0
θ4_seg3,12,0.19413745137850666,109767.14763560095,-565.6824853855069
θ4_seg3,12,0.20800441219125715,109767.89314897187,-564.9369720145914
θ4_seg3,12,0.22880485341038287,109786.78989819041,-546.040222796044
θ4_seg3,12,0.26000551523907145,109809.50063333122,-523.3294876552391
θ4_seg3,12,0.3068065079821043,109834.9237345832,-497.90638640326506
θ4_seg3,12,0.37700799709665356,110211.45422760346,-121.37589338299586
θ4_seg3,12,0.4823102307684775,111262.87228907185,930.0421680853906
θ5_seg3,13,1.0e-12,109352.41670663246,-980.4134143539995
θ5_seg3,13,1.0000035880891158e-12,110332.83012098646,0.0
θ5_seg3,13,0.0005592000010000024,109429.47335596367,-903.3567650227924
θ5_seg3,13,0.0013980000010000008,108796.76895335657,-1536.0611676298868
θ5_seg3,13,0.0026562000009999983,105994.39112196266,-4338.438999023798
θ5_seg3,13,0.004543500000999994,91196.60228862897,-19136.227832357486
θ5_seg3,13,0.0073744500009999886,95469.99100002988,-14862.839120956574
θ5_seg3,13,0.01162087500099998,99273.89434623114,-11058.935774755315
θ5_seg3,13,0.017990512500999967,102275.56391021635,-8057.2662107701035
θ5_seg3,13,0.027544968750999946,104542.2741093593,-5790.556011627152
θ5_seg3,13,0.04187665312599992,106152.50847651291,-4180.321644473544
θ5_seg3,13,0.06337417968849987,107394.53400485592,-2938.296116130543
θ5_seg3,13,0.0956204695322498,108350.05460236856,-1982.7755186178983
θ5_seg3,13,0.1439899042978747,109078.56968131835,-1254.2604396681127
θ5_seg3,13,0.21654405644631203,109628.16790857648,-704.6622124099813
θ5_seg3,13,0.32537528466896803,110053.10105039354,-279.729070592919
θ5_seg3,13,0.48862212700295204,110236.94041182533,-95.88970916112885
θ5_seg3,13,0.7334923905039281,110204.6141978296,-128.21592315686576
θ5_seg3,13,1.100797785755392,110226.36161882314,-106.4685021633195
θ5_seg3,13,1.651755878632588,110453.32694779162,120.4968268051598
θ6_seg3,14,1.0e-12,108760.67355572496,-1572.1565652614954
θ6_seg3,14,1.757514243207733,109300.5058301099,-1032.3242908765533
θ6_seg3,14,3.063556937701553,109559.18610024659,-773.64402073987
θ6_seg3,14,3.9342520673640995,109642.80120173696,-690.0289192494965
θ6_seg3,14,4.514715487139131,109681.49213006652,-651.337990919943
θ6_seg3,14,4.901691100322485,109717.30738188833,-615.5227390981308
θ6_seg3,14,5.159674842444721,110332.83012098646,0.0
θ6_seg3,14,5.417658584566957,109738.99053711667,-593.8395838697907
θ6_seg3,14,5.804634197750311,109741.56249980263,-591.2676211838261
θ6_seg3,14,6.385097617525343,109761.41087945199,-571.4192415344733
θ6_seg3,14,7.25579274718789,109785.66993062956,-547.1601903568953
θ6_seg3,14,8.56183544168171,109813.31961256775,-519.5105084187089
θ6_seg3,14,10.52089948342244,109842.94606366422,-489.88405732224055
θ6_seg3,14,13.459495546033535,113600.06268094199,3267.2325599555334
θ7_seg3,15,1.0e-12,109466.9309989876,-865.8991219988529
θ7_seg3,15,1.000006106468269e-12,110332.83012098646,0.0
θ7_seg3,15,0.001759200001000005,109466.1005634889,-866.7295574975578
θ7_seg3,15,0.004398000001000003,109435.7091853802,-897.1209356062609
θ7_seg3,15,0.008356200001,109433.000856838,-899.8292641484586
θ7_seg3,15,0.014293500000999996,109429.31880199384,-903.5113189926196
θ7_seg3,15,0.023199450000999988,109423.71790677326,-909.1122142131935
θ7_seg3,15,0.03655837500099998,109415.13088754885,-917.6992334376118
θ7_seg3,15,0.056596762500999966,109401.82065410774,-931.0094668787206
θ7_seg3,15,0.08665434375099994,109380.82248278029,-952.007638206167
θ7_seg3,15,0.1317407156259999,109347.16984590105,-985.6602750854072
θ7_seg3,15,0.19937027343849983,109291.46201970935,-1041.3681012771121
θ7_seg3,15,0.30081461015724975,109193.80464154511,-1139.0254794413486
θ7_seg3,15,0.4529811152353746,109004.35258705069,-1328.477533935773
θ7_seg3,15,0.6812308728525619,108431.90881352054,-1900.92130746592
θ7_seg3,15,1.023605509278343,83430.89184909064,-26901.938271895822
θ7_seg3,15,1.5371674639170143,105761.39287822036,-4571.4372427661
θ7_seg3,15,2.3075103958750214,108509.26580515115,-1823.564315835305
θ7_seg3,15,3.463024793812032,109393.79499399004,-939.0351269964158
θ7_seg3,15,5.1962963907175475,109656.12240358381,-676.707717402649
θ7_seg3,15,7.7962037860758215,110229.30658212534,-103.52353886111814
θ7_seg3,15,11.696064879113234,113574.46428631601,3241.634165329553
θ4_seg4,16,1.0e-12,109061.97192632161,-1270.8581946648483
θ4_seg4,16,0.06564910337649264,109266.24114071084,-1066.5889802756137
θ4_seg4,16,0.11443421689480371,109559.42639798805,-773.4037229984096
θ4_seg4,16,0.14695762590701109,109644.97876564346,-687.8513553429948
θ4_seg4,16,0.168639898581816,109685.06111834086,-647.7690026455966
θ4_seg4,16,0.18309474703168593,109717.40315290386,-615.4269680825964
θ4_seg4,16,0.19273131266493257,110332.83012098646,0.0
θ4_seg4,16,0.2023678782981792,109743.38320693836,-589.4469140480942
θ4_seg4,16,0.21682272674804914,109747.46158412585,-585.3685368606093
θ4_seg4,16,0.23850499942285405,109767.76752630567,-565.062594680785
θ4_seg4,16,0.27102840843506143,109792.35822875288,-540.4718922335742
θ4_seg4,16,0.3198135219533725,109820.07379655645,-512.7563244300109
θ4_seg4,16,0.3929911922308391,109851.71004695437,-481.1200740320928
θ4_seg4,16,0.502757697647039,110172.25890422791,-160.57121675854432
θ4_seg4,16,0.6674074557713389,111005.61771487893,672.7875938924699
θ5_seg4,17,1.0e-12,107972.67486038608,-2360.1552606003825
θ5_seg4,17,0.46802628317110284,109347.90183703043,-984.9282839560328
θ5_seg4,17,0.815825631215684,109577.62985096386,-755.2002700226003
θ5_seg4,17,1.0476918632454046,109678.42313188425,-654.4069891022082
θ5_seg4,17,1.2022693512652185,109722.69417460091,-610.1359463855479
θ5_seg4,17,1.3053210099450945,109747.88764352699,-584.9424774594663
θ5_seg4,17,1.3740221157316783,110332.83012098646,0.0
θ5_seg4,17,1.4427232215182622,109779.17623619456,-553.6538847919
θ5_seg4,17,1.5457748801981381,109786.04911630074,-546.7810046857194
θ5_seg4,17,1.700352368217952,109805.31881249702,-527.5113084894401
θ5_seg4,17,1.9322186002476727,109827.89602059041,-504.9341003960435
θ5_seg4,17,2.2800179482922536,109852.74612418277,-480.08399680368893
θ5_seg4,17,2.8017169703591254,109943.29583972646,-389.53428125999926
θ5_seg4,17,3.5842655034594326,110285.38048742843,-47.44963355803338
θ5_seg4,17,4.7580883031098935,111234.55478646119,901.7246654747287
θ6_seg4,18,1.0e-12,84235.34509031517,-26097.48503067129
θ6_seg4,18,0.7655139856322254,108172.97344363572,-2159.8566773507337
θ6_seg4,18,1.3343821767901178,108946.34127710665,-1386.488843879808
θ6_seg4,18,1.713627637562046,109301.59904042995,-1031.2310805565066
θ6_seg4,18,1.9664579447433317,109565.79069798568,-767.0394230007805
θ6_seg4,18,2.1350114828641886,109637.83762646667,-694.9924945197854
θ6_seg4,18,2.247380508278093,110332.83012098646,0.0
θ6_seg4,18,2.3597495336919976,109623.65309022943,-709.1770307570259
θ6_seg4,18,2.5283030718128545,109600.35501897646,-732.4751020099939
θ6_seg4,18,2.78113337899414,109627.99421146815,-704.8359095183114
θ6_seg4,18,3.1603788397660684,109665.32536867284,-667.5047523136163
θ6_seg4,18,3.7292470309239607,109708.33245940309,-624.497661583373
θ6_seg4,18,4.582549317660799,109754.21325441281,-578.6168665736477
θ6_seg4,18,5.862502747766057,109799.29580014411,-533.5343208423437
θ6_seg4,18,7.782432892923945,109845.28023776153,-487.54988322492864
θ6_seg4,18,10.662328110660775,110746.92355903488,414.093438048425
θ7_seg4,19,1.0e-12,109898.3216817218,-434.50843926465313
θ7_seg4,19,0.22480341585148006,109853.69316536392,-479.13695562254
θ7_seg4,19,0.3918591652456992,109804.54999525157,-528.280125734891
θ7_seg4,19,0.5032296648418453,109749.44064546868,-583.3894755177753
θ7_seg4,19,0.5774766645726094,109694.31559414757,-638.5145268388878
θ7_seg4,19,0.6269746643931188,109662.43560791921,-670.394513067251
θ7_seg4,19,0.659973330940125,110332.83012098646,0.0
θ7_seg4,19,0.6929719974871312,109579.79132825194,-753.0387927345146
θ7_seg4,19,0.7424699973076406,109466.67145918553,-866.1586618009314
θ7_seg4,19,0.8167169970384047,108814.64470726319,-1518.185413723273
θ7_seg4,19,0.9280874966345508,104570.93033261524,-5761.8997883712145
θ7_seg4,19,1.09514324602877,103554.714760746,-6778.115360240452
θ7_seg4,19,1.3457268701200986,111211.3859795917,878.5558586052357
θ4_seg5,20,1.0e-12,112037.7596814521,1704.9295604656363
θ4_seg5,20,0.07655946942086876,109336.62876684815,-996.2013541383058
θ4_seg5,20,0.13345228614646848,109594.10556597199,-738.7245550144726
θ4_seg5,20,0.17138083063020162,109675.48636146513,-657.3437595213327
θ4_seg5,20,0.19666652695269038,109713.44306011949,-619.3870608669677
θ4_seg5,20,0.21352365783434954,109743.92958097949,-588.9005400069727
θ4_seg5,20,0.224761745088789,110332.83012098646,0.0
θ4_seg5,20,0.23599983234322844,109766.93984072325,-565.8902802632074
θ4_seg5,20,0.2528569632248876,109771.30240187969,-561.5277191067726
θ4_seg5,20,0.2781426595473764,109789.83794937309,-542.9921716133686
θ4_seg5,20,0.31607120403110955,109812.12749391828,-520.7026270681818
θ4_seg5,20,0.37296402075670926,109837.09611963824,-495.73400134821713
θ4_seg5,20,0.45830324584510884,110380.7151874263,47.88506643984874
θ5_seg5,21,1.0e-12,109434.22571432167,-898.6044066647883
θ5_seg5,21,1.000004344333768e-12,110332.83012098646,0.0
θ5_seg5,21,0.0005592000010000032,109438.57482154787,-894.2552994385915
θ5_seg5,21,0.0013980000010000015,108747.78015584392,-1585.0499651425343
θ5_seg5,21,0.0026562000009999987,89106.82629581529,-21226.003825171167
θ5_seg5,21,0.004543500000999995,92707.57581820738,-17625.25430277908
θ5_seg5,21,0.007374450000999989,96550.7478855876,-13782.082235398862
θ5_seg5,21,0.01162087500099998,100066.32293612591,-10266.507184860544
θ5_seg5,21,0.017990512500999967,102994.50831928069,-7338.321801705766
θ5_seg5,21,0.027544968750999946,105321.72123716233,-5011.108883824127
θ5_seg5,21,0.04187665312599992,107143.01358411761,-3189.8165368688497
θ5_seg5,21,0.06337417968849987,108570.7401371823,-1762.0899838041514
θ5_seg5,21,0.0956204695322498,109630.30488591429,-702.5252350721712
θ5_seg5,21,0.1439899042978747,110003.28405067833,-329.5460703081335
θ5_seg5,21,0.21654405644631203,110178.32797620974,-154.50214477672125
θ5_seg5,21,0.32537528466896803,110220.80176444133,-112.02835654512455
θ5_seg5,21,0.48862212700295204,110260.8267714814,-72.0033495050593
θ5_seg5,21,0.7334923905039281,110498.65744173467,165.82732074821251
θ6_seg5,22,1.0e-12,110237.91048135803,-94.91963962842419
θ6_seg5,22,1.7184517055267516,109262.772404223,-1070.057716763462
θ6_seg5,22,2.9954662756888335,109532.03281092017,-800.797310066293
θ6_seg5,22,3.846809322463555,109619.6041199775,-713.2260010089522
θ6_seg5,22,4.414371353646702,109661.21866953203,-671.6114514544315
θ6_seg5,22,4.792746041102134,109683.21446213202,-649.61565885444
θ6_seg5,22,5.0449958327390885,110332.83012098646,0.0
θ6_seg5,22,5.297245624376043,109720.68112578563,-612.1489952008269
θ6_seg5,22,5.675620311831475,109724.43908270486,-608.3910382815957
θ6_seg5,22,6.243182343014622,109745.37582986032,-587.4542911261378
θ6_seg5,22,7.094525389789343,109771.11646863498,-561.7136523514782
θ6_seg5,22,8.371539959951425,109800.57783315165,-532.25228783481
θ6_seg5,22,10.287061815194548,109831.75251929418,-501.0776016922755
θ6_seg5,22,13.160344598059233,111970.41889846638,1637.5887774799194
θ7_seg5,23,1.0e-12,109440.03982774881,-892.7902932376455
θ7_seg5,23,1.033369878455902e-12,110332.83012098646,0.0
θ7_seg5,23,0.0017592000010333687,109448.47379103958,-884.3563299468806
θ7_seg5,23,0.004398000001033367,109437.19094574971,-895.639175236749
θ7_seg5,23,0.008356200001033365,109434.60664536981,-898.2234756166436
θ7_seg5,23,0.014293500001033362,109430.69315268636,-902.1369683000958
θ7_seg5,23,0.023199450001033357,109424.73796582446,-908.0921551619977
θ7_seg5,23,0.036558375001033344,109415.60849487432,-917.2216261121357
θ7_seg5,23,0.05659676250103333,109401.45200431865,-931.3781166678091
θ7_seg5,23,0.0866543437510333,109379.10527736173,-953.7248436247319
θ7_seg5,23,0.13174071562603326,109342.80832430866,-990.0217966778
θ7_seg5,23,0.1993702734385332,109281.28380195389,-1051.5463190325681
θ7_seg5,23,0.3008146101572831,109171.9411424332,-1160.888978553252
θ7_seg5,23,0.45298111523540796,108957.00226990228,-1375.8278510841774
θ7_seg5,23,0.6812308728525952,108306.7506838716,-2026.0794371148513
θ7_seg5,23,1.0236055092783762,83428.96558205503,-26903.864538931433
θ7_seg5,23,1.5371674639170476,105763.42874110825,-4569.401379878211
θ7_seg5,23,2.3075103958750547,108627.42858134485,-1705.401539641607
θ7_seg5,23,3.4630247938120653,109260.73663714106,-1072.0934838453977
θ7_seg5,23,5.196296390717581,109649.94703044611,-682.8830905403447
θ7_seg5,23,7.796203786075855,110127.63871042956,-205.19141055690125
θ7_seg5,23,11.696064879113266,112266.92439845057,1934.0942774641153
