parameter,mode_1_ev_-4.25e-11,mode_2_ev_-2.89e-11,mode_3_ev_-3.78e-12,mode_4_ev_-3.18e-12,mode_5_ev_1.19e-19
δ_global,-2.6890399321428228e-11,-1.0879040715363977e-9,-4.0849344294201465e-10,-1.069948374505407e-9,1.845163957235624e-18
ᴺε₀_global,2.0879109428161502e-10,-3.844242615904249e-9,-1.460512364922145e-9,-4.2929201702137665e-9,5.793376702624776e-18
ᴺε₁_global,1.8437232208274845e-10,2.964967636277731e-9,1.1163136750147594e-9,3.3064472518120606e-9,-4.81147463344617e-18
ᴺγ₀_global,6.206607920637894e-11,7.945710619937157e-10,2.9841870183374634e-10,8.628621598510108e-10,-1.3555882983629271e-18
ᴺγ₁_global,-1.9173642819533315e-10,7.161076250554994e-11,3.1571086283516886e-11,1.105675007861611e-11,2.379565877182221e-19
ᴺγ₂_global,7.030117622997298e-12,-5.958321526909965e-12,-2.2544911578154907e-12,6.1879605015291586e-12,1.63997246159027e-20
ᴺγ₃_global,-7.620036164476545e-12,1.2857626971892257e-11,4.884191340385422e-12,1.7165559872144823e-12,-1.1126214731005225e-21
ω_global,1.7290513625577741e-10,-7.213561167294686e-11,-3.1234689947688023e-11,-1.1747164040291847e-11,-8.558433227773525e-20
ᴺp₁_seg1,-1.5005714975591872e-10,-1.5663305644548426e-10,-5.502639430892503e-11,-1.836521265523709e-10,4.1178588710533243e-19
ᴺβ_seg1,-8.054808710207487e-10,1.9525876475894055e-8,7.40910252376458e-9,2.169400902220483e-8,-2.9793279872632503e-17
ᴺp₁₂_seg1,1.0267715150948962e-9,-3.8253891104407787e-10,-1.6848356741635947e-10,-4.397236936143818e-11,-1.2506074568275893e-18
ᴺp₂₃_seg1,-7.931037836572049e-11,7.718276366124937e-11,2.928439148608157e-11,-5.356678191348099e-11,-1.6249773544639683e-19
ᴺp₁D_seg1,2.0860023695258687e-7,9.840369864434099e-9,-2.7682230132609083e-9,-1.940000622720595e-8,-1.7908518285625297e-15
ᴺp₂D_seg1,1.0601624527523073e-7,-2.7087259485775133e-7,-1.0315509325002669e-7,-1.4951758445107038e-7,5.73467358857681e-16
ᴺp₃D_seg1,-4.68836213238975e-5,2.1901114236290452e-6,2.2456441907765083e-6,6.589165009792887e-6,3.788428262716635e-13
ν_seg1,-1.0905653227699652e-7,1.3457786054160703e-6,-3.7358588913793955e-6,5.97177919059444e-8,0.9999999999731322
ᴺp₁_seg2,-1.9182538801983533e-9,-2.3929970516249705e-9,-8.510858295560659e-10,-2.7748885557129883e-9,5.811454858439665e-18
ᴺβ_seg2,5.111045987593401e-11,9.524663384602502e-10,3.579431285390894e-10,1.0066560832450196e-9,-1.3890500904810498e-18
ᴺp₁₂_seg2,1.0477715682315544e-9,-3.9934602978120583e-10,-1.7533426469705813e-10,-5.529508215128126e-11,-1.2560346644536347e-18
ᴺp₂₃_seg2,-7.546851470274797e-11,7.417491121364664e-11,2.807439869187954e-11,-5.435948048181832e-11,-1.5080102187847655e-19
ᴺp₁D_seg2,3.563263540439133e-12,-1.0102912847623493e-12,-4.605116417136442e-13,4.738497499258417e-13,-1.4618737686354904e-21
ᴺp₂D_seg2,4.145605629759092e-12,-8.592664206446045e-12,-3.4344413287333452e-12,-1.3833777352954169e-11,-7.027961131068829e-20
ᴺp₃D_seg2,2.2583149359437418e-11,-3.394529517817294e-11,-1.201473676824498e-11,5.776370446218807e-11,5.695270712014405e-19
ν_seg2,0.005614350140198843,-0.06921445224224416,0.19211325952028252,-0.0030978143743534345,6.8116935927366756e-6
ᴺp₁_seg3,-1.0020892292593066e-9,1.3325905832807198e-10,7.49762814537992e-11,-1.4166895611705596e-10,1.1499158733302597e-18
ᴺβ_seg3,6.548181327508953e-10,3.5472026662326733e-10,1.1880859578917363e-10,6.281163455296942e-10,-1.2759503959168177e-18
ᴺp₁₂_seg3,1.1017450652690325e-9,-4.37291156441775e-10,-1.8969841907615384e-10,6.807620570296921e-13,-1.136628639784319e-18
ᴺp₂₃_seg3,-7.620358373133079e-11,8.905215014819245e-11,3.3811875255968915e-11,-3.219318417446364e-11,-1.0562250009258437e-19
ᴺp₁D_seg3,3.23191760900484e-10,-1.256068831577918e-10,-5.348394937873794e-11,5.487444723290212e-11,-1.3217955563911381e-18
ᴺp₂D_seg3,1.3889705482615898e-9,-1.6009857667032114e-10,-1.0896870494233314e-10,-5.138278083638277e-10,3.302567227780859e-18
ᴺp₃D_seg3,-6.765809779175053e-9,2.474205094910118e-10,3.302448406174012e-10,2.045855358577469e-9,-7.711653980202261e-18
ν_seg3,0.01266991818370234,-0.15630952109251214,0.43375788655894587,-0.006981233236939083,7.277258670478776e-7
ᴺp₁_seg4,-5.915719485364232e-10,1.5323730913814324e-10,7.208651599289973e-11,-2.50773656056221e-11,5.052979950212862e-19
ᴺβ_seg4,2.7418049066051984e-10,5.898818897731326e-10,2.1643563972239224e-10,7.367341665022074e-10,-1.3346982385753345e-18
ᴺp₁₂_seg4,7.500856848339855e-10,-3.763803648139161e-10,-1.5548113927786212e-10,1.2844560088399903e-10,-2.184242227708767e-19
ᴺp₂₃_seg4,-4.512117581911872e-11,7.698359849220285e-11,2.919767385495588e-11,8.252792530691634e-12,-2.0183876486552963e-20
ᴺp₁D_seg4,2.1408694686187265e-8,-1.4675309444074067e-10,-7.126160241164864e-10,-2.4422547474511817e-9,-1.2588248043438624e-16
ᴺp₂D_seg4,-2.1997157821235787e-7,2.8263326976987564e-10,6.849177829292383e-9,2.3991083402226284e-8,1.4217169142511575e-15
ᴺp₃D_seg4,8.311078053689521e-7,-1.1315392366102032e-9,-2.5893721230382192e-8,-9.04599433701198e-8,-5.409380777267115e-15
ν_seg4,0.023731454424903212,-0.2924012347843491,0.811273108366813,-0.012950913165206239,2.6067657482469893e-6
ᴺp₁_seg5,-1.10317921234897e-9,3.068319094936358e-10,1.42323048418184e-10,-2.8057305055117555e-11,9.225462100475194e-19
ᴺβ_seg5,6.664108831844358e-11,6.535026189912275e-10,2.452828755125099e-10,7.285289067051598e-10,-1.0999927881855099e-18
ᴺp₁₂_seg5,1.1713018954132567e-9,-4.972012044228938e-10,-2.1238436599615012e-10,5.966085279955745e-11,-9.6049239641491e-19
ᴺp₂₃_seg5,-9.276309623683303e-11,1.3198059149717226e-10,5.009698434231103e-11,-1.1566587390622413e-11,-8.492382013282206e-20
ᴺp₁D_seg5,-6.657243172822805e-5,3.6062172552794284e-6,3.3403525354491842e-6,7.31218466418399e-6,4.2450767931154894e-13
ᴺp₂D_seg5,-5.822810122892379e-5,3.072211476697025e-6,2.8918077036774083e-6,6.380117400358713e-6,3.725200939399728e-13
ᴺp₃D_seg5,0.0003894390452262242,-2.083356463036255e-5,-1.944505921249062e-5,-4.2725102350058315e-5,-2.4872235298332438e-12
ν_seg5,-0.0008721609729631513,0.010986831116338275,-0.030947288360910444,0.000530770934244737,1.0943177046535041e-7
ᴺp₁_seg6,-1.7485851203252324e-9,4.702949780520423e-10,2.1962453779089586e-10,-5.587384474088187e-11,1.4457125263999355e-18
ᴺβ_seg6,4.91720636774314e-11,1.2458526187819167e-9,4.698687701561162e-10,1.3879711436582754e-9,-2.0010453508783333e-18
ᴺp₁₂_seg6,1.093032504115811e-9,-4.35678098496069e-10,-1.8911647973340114e-10,-1.537385128819963e-11,-1.1680964666642603e-18
ᴺp₂₃_seg6,-1.108635374141052e-10,1.4274992860630458e-10,5.4165419770516586e-11,-3.3024127143427435e-11,-1.281164736118979e-19
ᴺp₁D_seg6,-4.828878448947252e-8,5.36962717715309e-8,2.089240009134521e-8,7.003164319191738e-9,-2.428836373723492e-16
ᴺp₂D_seg6,1.81882335750774e-7,-2.197347927947904e-7,-8.488374753128437e-8,-1.9055819101332756e-8,1.0305918692329236e-15
ᴺp₃D_seg6,-1.7599597281129728e-7,2.5597174761302963e-7,9.753231240427192e-8,3.1471718896046167e-9,-1.2765884378481527e-15
ν_seg6,0.07875422285932207,0.1251315657446024,0.05859026882628582,0.987272526069206,2.1764841072170337e-10
ᴺp₁_seg7,-8.914270701522115e-9,2.4712415798584233e-9,1.1474031763417382e-9,-2.1104068326221717e-10,7.035562170668715e-18
ᴺβ_seg7,-2.08787270640582e-11,1.1598172168737218e-9,4.388468707852328e-10,1.2600078040243952e-9,-1.7391044698859972e-18
ᴺp₁₂_seg7,1.0676637324574563e-9,-4.0750868719483556e-10,-1.7845032504209761e-10,-2.973341287868274e-11,-1.2241479275470297e-18
ᴺp₂₃_seg7,-1.0022869387667627e-10,1.1061500096218774e-10,4.1928886771095454e-11,-5.456498976349048e-11,-1.553626949931833e-19
ᴺp₁D_seg7,-8.45290826938509e-10,2.14092304247104e-9,8.127815427325037e-10,1.0224325951322641e-9,-1.6000303067779062e-18
ᴺp₂D_seg7,-1.30759574732936e-9,1.755971404109733e-8,6.991020898417497e-9,3.902243863911433e-8,2.944170326431606e-16
ᴺp₃D_seg7,2.658978787025997e-8,-1.3819566846417457e-7,-5.415491902148542e-8,-2.2311907174739828e-7,-1.456380515848272e-15
ν_seg7,0.8875366264765823,-0.4244808913715536,-0.17903617424258125,-0.006372625800978866,-3.8104314731386344e-10
ᴺp₁_seg8,-4.954997620065682e-9,1.3513010191374527e-9,6.297914323568799e-10,-1.1331521524860876e-10,3.937843441841707e-18
ᴺβ_seg8,4.481183265485485e-11,9.553767026490462e-10,3.5959181640615484e-10,1.0319650065735648e-9,-1.5231264217126374e-18
ᴺp₁₂_seg8,1.100887124155636e-9,-4.564703433609579e-10,-1.9688765159577996e-10,-1.832383122382124e-11,-1.1643312584237763e-18
ᴺp₂₃_seg8,-8.606011221080687e-11,1.1032196726104155e-10,4.1876596563809473e-11,-2.5263855624088024e-11,-1.0517206640812522e-19
ᴺp₁D_seg8,-1.0552055243686035e-8,2.8926203101003602e-8,1.1156062776220153e-8,2.6444961599893576e-8,3.97355466731887e-17
ᴺp₂D_seg8,9.272074334346778e-8,-2.391009826390991e-7,-9.190542977607518e-8,-1.8922902250359082e-7,-2.763653784337804e-16
ᴺp₃D_seg8,-2.995448010453922e-7,7.550314477634333e-7,2.8978503113445137e-7,5.581422444029032e-7,8.105558618415318e-16
ν_seg8,0.4531228939393269,0.830250302201586,0.28343963844710285,-0.15819609668024087,3.2490467748394927e-10
ᴺp₁_seg9,-5.9944728019140884e-9,1.6224300764920061e-9,7.593538077204057e-10,-1.8811378105527274e-11,4.5608942670100816e-18
ᴺβ_seg9,2.3470546899128074e-11,5.583340447214252e-10,2.102405543889108e-10,6.038773891128562e-10,-8.789867899335407e-19
ᴺp₁₂_seg9,1.1085673791775301e-9,-4.400481828049092e-10,-1.9074658065196407e-10,9.702376306056973e-12,-1.0894177191052878e-18
ᴺp₂₃_seg9,-5.205799407116229e-11,7.210495206314718e-11,2.73878843857019e-11,-7.640581741204666e-12,-3.3593325871521147e-20
ᴺp₁D_seg9,-8.231134580501422e-9,1.5194596625203963e-8,5.70164494974337e-9,-9.442195089949259e-10,1.2510340771998698e-17
ᴺp₂D_seg9,-2.9543264290138407e-8,5.57913165863436e-8,2.1087747247573776e-8,7.338760738211027e-9,4.7928682954746566e-17
ᴺp₃D_seg9,2.469817926045042e-7,-4.537329419753016e-7,-1.712715944798756e-7,-3.3105114005436014e-8,-3.908977267611586e-16
ν_seg9,0.0,0.0,0.0,0.0,0.0
