time,log_infected,log_hospitalized,log_icu,log_death,log_vaccinated
1.0,0.28694670218744606,0.0,0.0,0.0,0.0
2.0,0.3314915135017381,0.0,0.0,0.0,0.0
3.0,0.3630894827947746,0.0,0.0,0.0,0.0
4.0,0.3897600122264901,0.0,0.0,0.0,0.0
5.0,0.3999294237937031,0.0,0.0,0.0,0.0
6.0,0.406246094047013,0.0,0.0,0.0,0.0
7.0,0.4162412993371888,0.0,0.0,0.0,0.0
8.0,0.430673445494482,0.0,0.0,0.0,0.0
9.0,0.44282069136021335,0.0,0.0,0.0,0.0
10.0,0.4417229372969661,0.0,0.0,0.0,0.0
11.0,0.416246257661836,0.0,0.0,0.0,0.0
12.0,0.36885190986935756,0.0,0.0,0.0,0.0
13.0,0.3138213869585362,0.0,0.0,0.0,0.0
14.0,0.25994254088114427,0.0,0.0,0.0,0.0
15.0,0.2275073514928147,0.0,0.0,0.0,0.0
16.0,0.22928207002512552,0.0,0.0,0.0,0.0
17.0,0.24071983749926737,0.0,0.0,0.0,0.0
18.0,0.23736106371802565,0.0,0.0,0.0,0.0
19.0,0.21924932562273305,0.0,0.0,0.0,0.0
20.0,0.20406707091410434,0.0,0.0,0.0,0.0
21.0,0.21498015867470005,0.0,0.0,0.0,0.0
22.0,0.25649468265597264,0.0,0.0,0.0,0.0
23.0,0.3050784882941228,0.0,0.0,0.0,0.0
24.0,0.3278102387457604,0.0,0.0,0.0,0.0
25.0,0.29986345927561187,0.0,0.0,0.0,0.0
26.0,0.1871096611146716,0.0,0.0,0.0,0.0
27.0,0.0,0.0,0.0,0.0,0.0
28.0,0.0,0.0,0.0,0.0,0.0
29.0,0.0,0.0,0.0,0.0,0.0
30.0,0.5745358234389668,0.0,0.0,0.0,0.0
31.0,0.919936065761232,0.0,2.303196057420489,0.0,0.0
32.0,1.1236107632608991,0.0,2.4899584794248346,0.0,0.0
33.0,1.2483657967514643,0.0,2.5622928644564746,0.0,0.0
34.0,1.358903753663094,0.0,2.655138434811382,0.0,0.0
35.0,1.5076469996920852,1.6901960800285136,2.7902851640332416,0.0,0.0
36.0,1.6933898097995466,1.7708520116421442,2.8976270912904414,0.0,0.0
37.0,1.8652008659189654,1.9777236052888478,2.916453948549925,0.0,0.0
38.0,1.9846235718676168,2.1172712956557644,2.957128197676813,0.0,0.0
39.0,2.0527913745235735,2.1958996524092336,3.0008677215312267,0.0,0.0
40.0,2.0947388650787846,2.271841606536499,3.0269416279590295,0.0,0.0
41.0,2.143076639983664,2.429752280002408,3.0806264869218056,0.08213061918197834,0.0
42.0,2.238365919645123,2.4785664955938436,3.1908917169221698,0.20985148342431206,0.0
43.0,2.4051850011350373,2.503790683057181,3.2518814545525276,0.3458050739549246,0.0
44.0,2.5949242560136456,2.5599066250361124,3.3230457354817013,0.48779225121851455,0.0
45.0,2.752131610115516,2.6464037262230695,3.3738311450738303,0.630675379973488,0.0
46.0,2.867302120797857,2.720159303405957,3.3935752032695876,0.7602922653834604,0.0
47.0,2.955394070110517,2.8055008581584002,3.4034637013453173,0.8624140806620756,0.0
48.0,3.0383273273198506,2.890421018800914,3.4073909044707316,0.9337284901346656,0.0
49.0,3.134547457518334,2.9508514588885464,3.4224256763712044,0.9856990887262093,0.0
50.0,3.2475277490717507,3.018284308426531,3.4252080511386565,1.038342779260829,0.0
51.0,3.3605133843018185,3.132579847659737,3.4344092075875,1.1075455332847082,0.0
52.0,3.451353350961887,3.229681842317676,3.4321672694425884,1.207245558206956,0.0
53.0,3.51020237767388,3.348888723071438,3.4245549766067134,1.337622436101264,0.0
54.0,3.5388667819652504,3.4442009888641594,3.4245549766067134,1.4858931737920213,0.0
55.0,3.547184035839345,3.52543355342882,3.4350476413399647,1.638300515277715,0.0
56.0,3.551836912052352,3.6019514041335214,3.435525851498655,1.786574806829584,0.0
57.0,3.57283216499998,3.6466977312993345,3.437750562820388,1.9285979404576792,0.0
58.0,3.6164469162074804,3.7028611705729295,3.4499409887733377,2.062260134191509,0.0
59.0,3.6663162842349775,3.7754648093457392,3.4599952560473914,2.1844491272811646,0.0
60.0,3.702694000917984,3.841547165256553,3.4674601095072637,2.2953387183238894,0.0
61.0,3.716645992826677,3.89867034296553,3.458788881710845,2.3981446198899996,0.0
62.0,3.7096726422146493,3.949243590568265,3.4632956099620027,2.4965385609631996,0.0
63.0,3.6936715727544525,3.9868165045855366,3.4565178578052627,2.5924348799519707,0.0
64.0,3.688117076853057,4.011358953706611,3.4385423487861106,2.6860358770078623,0.0
65.0,3.704260829958354,4.0385009430766745,3.4360035356698964,2.7762740512136994,0.0
66.0,3.731167681459792,4.071624298539752,3.4234097277330933,2.8603543741041384,0.0
67.0,3.74958729608802,4.0876749600367575,3.4055171069763763,2.93578491698305,0.0
68.0,3.747550613878252,4.096736260462468,3.403120521175818,3.0020788953374034,0.0
69.0,3.7236888230854466,4.103085001841614,3.3930484664167784,3.061004237139129,0.0
70.0,3.6867550803276155,4.095134466939837,3.379305517750582,3.11584871727481,0.0
71.0,3.6533678705518433,4.085896811131588,3.3643633546157306,3.1695186863220153,0.0
72.0,3.638758943443441,4.080734686353143,3.3506356082589543,3.2228350788185636,0.0
73.0,3.6396928791686545,4.062469165814253,3.3273589343863303,3.2741382521436537,0.0
74.0,3.6367760261521154,4.050263722645796,3.312388949370592,3.320778563600134,0.0
75.0,3.6122851222763135,4.036668810300097,3.305136318943639,3.361121732167693,0.0
76.0,3.5583675182629286,3.9976047874604546,3.296884475538547,3.3954567570250047,0.0
77.0,3.48191964603366,3.982225991674675,3.280350693046006,3.425841069636424,0.0
78.0,3.4115799647748117,3.97639583661188,3.2615007731982804,3.4551855082703886,0.0
79.0,3.383627933465363,3.940466677663529,3.247973266361807,3.4858684686139974,0.0
80.0,3.3993205541502207,3.910143961064513,3.2208922492195193,3.5181513378768514,0.0
81.0,3.42577792240881,3.8881233072979087,3.203304916138483,3.5503502153008233,0.0
82.0,3.43549451247651,3.8631443462526676,3.205745540942662,3.580365485966738,0.0
83.0,3.4192033856897095,3.862906213562998,3.2016701796465816,3.6068327499133472,0.0
84.0,3.382347248235231,3.8454081396217936,3.1760912590556813,3.6297379273155075,0.0
85.0,3.3404012807846866,3.8298824464434933,3.1420764610732848,3.6501488347641375,0.0
86.0,3.311627310216585,3.8342299028516775,3.1202447955463652,3.669363476067965,0.0
87.0,3.300892267497679,3.8108371511404884,3.092018470752797,3.6880575753783567,0.0
88.0,3.2943358760436547,3.776773802412107,3.0707764628434346,3.706040455310379,0.0
89.0,3.273939335683215,3.735997884091794,3.052693941924968,3.722691783445896,0.0
90.0,3.231394694811447,3.7019994748896368,3.0519239160461065,3.737578133281531,0.0
91.0,3.1735336290770895,3.6776981814745104,3.037027879755775,3.7508662634346934,0.0
92.0,3.1208257256586522,3.6496268868405295,3.009450895798694,3.763199718061972,0.0
93.0,3.0928179581124673,3.6133131614554594,3.000434077479319,3.7751963822375734,0.0
94.0,3.085038294421869,3.594060901270418,2.9894498176666917,3.786880839502094,0.0
95.0,3.074958895847615,3.5481436374348454,2.9694159123539814,3.7977816525685006,0.0
96.0,3.0444672001502746,3.5341530741850624,2.954724790979063,3.8074429400207173,0.0
97.0,2.9915703457409997,3.4886916983169405,2.9474337218870508,3.815719710095643,0.0
98.0,2.9329778316499264,3.4510184521554574,2.9122220565324155,3.8229619449331955,0.0
99.0,2.9028584410230023,3.4360035356698964,2.876217840591642,3.829891078420692,0.0
100.0,2.9217020708699875,3.4104397862103464,2.8615344108590377,3.8371009177532884,0.0
101.0,2.9643820739856963,3.375297738217339,2.8609366207000937,3.8446325412024147,0.0
102.0,2.994668539952431,3.3653007486379876,2.8555191556678,3.852055161678734,0.0
103.0,2.99425038640414,3.343014497150768,2.845098040014257,3.8588079310228793,0.0
104.0,2.9614467168848133,3.345765693114488,2.8444771757456815,3.8645353750872875,0.0
105.0,2.910399144445061,3.3386556655787003,2.8419848045901137,3.8693523487558323,0.0
106.0,2.867730725287857,3.334252642334231,2.803457115648414,3.8737413709761963,0.0
107.0,2.854185452266385,3.3281756614383227,2.7788744720027396,3.878187288158224,0.0
108.0,2.8625898614814873,3.3025473724874854,2.7701152947871015,3.882816773839167,0.0
109.0,2.86859234395879,3.263636068588108,2.7505083948513462,3.8874208061886044,0.0
110.0,2.856280961852506,3.2214142378423385,2.754348335711019,3.891707795129222,0.0
111.0,2.825180942122067,3.1956229435869368,2.737987326333431,3.8954672447855985,0.0
112.0,2.7860624843088244,3.1792644643390253,2.718501688867274,3.8986926446161134,0.0
113.0,2.7592083673813144,3.1687920203141817,2.6893088591236203,3.901609423391977,0.0
114.0,2.7562824577225924,3.1222158782728267,2.6570558528571038,3.904463456010903,0.0
115.0,2.7626327906841475,3.098643725817057,2.6570558528571038,3.907291955867747,0.0
116.0,2.7558677207729803,3.081707270097349,2.6464037262230695,3.909970951446431,0.0
117.0,2.725687853117832,3.0346284566253203,2.6424645202421213,3.9123496985283777,0.0
118.0,2.6779005330348458,3.024074987307426,2.6384892569546374,3.9143691316710556,0.0
119.0,2.633371722825926,3.015778756389041,2.6263403673750423,3.9161468956222842,0.0
120.0,2.6215405222624284,3.0115704435972783,2.6127838567197355,3.917932797867572,0.0
121.0,2.651533740992189,3.017450729510536,2.6009728956867484,3.919930844309489,0.0
122.0,2.694611102742318,2.989004615698537,2.5774917998372255,3.922139590043262,0.0
123.0,2.7151714301418974,2.9585638832219674,2.5599066250361124,3.9243674391083783,0.0
124.0,2.6948601013420115,2.9809119377768436,2.5490032620257876,3.9263830010366445,0.0
125.0,2.63497769052813,2.9489017609702137,2.56702636615906,3.928035011037918,0.0
126.0,2.5519969329549905,2.9400181550076634,2.5599066250361124,3.929302859873524,0.0
127.0,2.4857045132814863,2.9237619608287004,2.552668216112193,3.9303204512778867,0.0
128.0,2.4780056716547274,2.8651039746411278,2.558708570533166,3.931303495995693,0.0
129.0,2.517637728362063,2.829303772831025,2.561101383649056,3.9324037436167067,0.0
130.0,2.560548971846389,2.833147111912785,2.5390760987927767,3.933664178016425,0.0
131.0,2.5814398602939383,2.8027737252919755,2.530199698203082,3.935030138053956,0.0
132.0,2.578295683323456,2.7902851640332416,2.5224442335063197,3.936410400740147,0.0
133.0,2.557887315550236,2.788875115775417,2.525044807036845,3.9377213535471753,0.0
134.0,2.535989830490765,2.787460474518415,2.515873843711679,3.9389311642674603,0.0
135.0,2.530832914042932,2.7944880466591697,2.514547752660286,3.940045239238277,0.0
136.0,2.541355239015104,2.7788744720027396,2.505149978319906,3.941060784360062,0.0
137.0,2.5450474966164145,2.7535830588929064,2.510545010206612,3.941946164769731,0.0
138.0,2.524666624896174,2.725094521081469,2.4800069429571505,3.9426807658907608,0.0
139.0,2.487420579718195,2.7520484478194387,2.4955443375464483,3.94329093476809,0.0
140.0,2.4691460102966443,2.7442929831226763,2.4742162640762553,3.943854261251016,0.0
141.0,2.5201014051867117,2.7671558660821804,2.4653828514484184,3.944475044646002,0.0
142.0,2.631056759188662,2.7745169657285498,2.4456042032735974,3.9452198703220107,0.0
143.0,2.7431791228060205,2.8041394323353503,2.4471580313422194,3.946058556765122,0.0
144.0,2.820298060073075,2.79309160017658,2.406540180433955,3.946897239589881,0.0
145.0,2.8530517786040166,2.816241299991783,2.4082399653118496,3.947636190283792,0.0
146.0,2.843975715830822,2.816241299991783,2.423245873936808,3.948223118784892,0.0
147.0,2.8018370272972444,2.8228216453031045,2.4183012913197452,3.9486822144668547,0.0
148.0,2.7456873908546116,2.8109042806687006,2.3944516808262164,3.949100167721568,0.0
149.0,2.7010153082714314,2.816241299991783,2.406540180433955,3.9495709594814605,0.0
150.0,2.6812300231543236,2.8055008581584002,2.3961993470957363,3.950131531182066,0.0
151.0,2.678166501179631,2.8109042806687006,2.392696953259666,3.9507442697744293,0.0
152.0,2.6731141940913545,2.816241299991783,2.404833716619938,3.9513384231995907,0.0
153.0,2.655075770049583,2.812244696800369,2.392696953259666,3.951860726580945,0.0
154.0,2.625057149102039,2.791690649020118,2.404833716619938,3.952303152911997,0.0
155.0,2.6016859912494787,2.7745169657285498,2.3979400086720375,3.9527021988028763,0.0
156.0,2.602044395331042,2.7831886910752575,2.3783979009481375,3.9531010700548657,0.0
157.0,2.6154846359883024,2.7671558660821804,2.374748346010104,3.9535140832262257,0.0
158.0,2.6217456395878522,2.745855195173729,2.3961993470957363,3.9539220023201964,0.0
159.0,2.60891814220692,2.7267272090265724,2.428134794028789,3.954297835749964,0.0
160.0,2.5752602313705895,2.718501688867274,2.413299764081252,3.95463004504863,0.0
161.0,2.532865757918346,2.718501688867274,2.4082399653118496,3.9549383457861755,0.0
162.0,2.5100870784712828,2.718501688867274,2.41161970596323,3.955262312008639,0.0
163.0,2.523213716841174,2.7067177823367587,2.419955748489758,3.9556290877464115,0.0
164.0,2.5525439990062866,2.6981005456233897,2.4183012913197452,3.9560316267707414,0.0
165.0,2.57152375601052,2.7283537820212285,2.41161970596323,3.956434474921168,0.0
166.0,2.5674378680731564,2.718501688867274,2.4313637641589874,3.956793923312562,0.0
167.0,2.5430760617232853,2.699837725867246,2.428134794028789,3.957081629218826,0.0
168.0,2.517199191999302,2.711807229041191,2.416640507338281,3.95729879870909,0.0
169.0,2.520083566118585,2.7134905430939424,2.3820170425748683,3.9574721808192557,0.0
170.0,2.5633296719652736,2.718501688867274,2.376576957056512,3.957632583649711,0.0
171.0,2.6201329020290345,2.7234556720351857,2.357934847000454,3.957795364102535,0.0
172.0,2.661656451116898,2.7363965022766426,2.361727836017593,3.9579569047071614,0.0
173.0,2.6750275882014027,2.7671558660821804,2.3710678622717363,3.958104545798636,0.0
174.0,2.6626198840886754,2.791690649020118,2.359835482339888,3.958232321582315,0.0
175.0,2.6406923155950883,2.7972675408307164,2.3654879848909,3.9583527748580924,0.0
176.0,2.640442515924518,2.8095597146352675,2.346352974450639,3.9584958327603768,0.0
177.0,2.6783667162676177,2.8228216453031045,2.3521825181113627,3.9586887733248,0.0
178.0,2.732143654407474,2.8369567370595505,2.3636119798921444,3.9589345737009807,0.0
179.0,2.7727712903476727,2.8356905714924254,2.359835482339888,3.959210176446585,0.0
180.0,2.7872727784732443,2.821513528404773,2.3541084391474008,3.9594789926269063,0.0
181.0,2.7781544712568254,2.8254261177678233,2.357934847000454,3.9597120899936726,0.0
182.0,2.7611010101590647,2.8419848045901137,2.3443922736851106,3.9599082057796675,0.0
183.0,2.7621629775378134,2.826722520168992,2.357934847000454,3.9600900083171617,0.0
184.0,2.7930898133720086,2.8369567370595505,2.3636119798921444,3.960276876002591,0.0
185.0,2.83512948855912,2.8407332346118066,2.376576957056512,3.9604748211300707,0.0
186.0,2.8660854789531585,2.8555191556678,2.367355921026019,3.960679233955987,0.0
187.0,2.874955247169925,2.869818207979328,2.3909351071033793,3.960884406200748,0.0
188.0,2.864488895612227,2.8709888137605755,2.3909351071033793,3.961087045487405,0.0
189.0,2.8510239786266065,2.8651039746411278,2.3541084391474008,3.9612981496111535,0.0
190.0,2.859714498099459,2.88930170250631,2.357934847000454,3.9615489097997187,0.0
191.0,2.897800537748592,2.8870543780509568,2.3820170425748683,3.9618652424989165,0.0
192.0,2.9416657961149135,2.91539983521227,2.374748346010104,3.962242843930148,0.0
193.0,2.968582829293834,2.90687353472207,2.383815365980431,3.962646799877323,0.0
194.0,2.96990775844152,2.90687353472207,2.3891660843645326,3.963026457926274,0.0
195.0,2.953025961334502,2.916453948549925,2.3909351071033793,3.963338487400533,0.0
196.0,2.9400991105326097,2.92272545799326,2.3710678622717363,3.963579222864959,0.0
197.0,2.9586601137998447,2.909020854211156,2.357934847000454,3.963787913678173,0.0
198.0,3.0079300629733603,2.930949031167523,2.3483048630481607,3.9640072600449505,0.0
199.0,3.0581445421312115,2.9111576087399764,2.3521825181113627,3.9642567614779427,0.0
200.0,3.088190609401705,2.9278834103307068,2.3483048630481607,3.9645286177005805,0.0
201.0,3.0921086985354593,2.9449759084120477,2.3404441148401185,3.964799935982388,0.0
202.0,3.076666049741177,2.951823035315912,2.359835482339888,3.965048620512688,0.0
203.0,3.061090960334537,2.9410142437055695,2.3636119798921444,3.9652673952829574,0.0
204.0,3.0703802149037416,2.9508514588885464,2.357934847000454,3.965475720271807,0.0
205.0,3.1076841132408606,2.9508514588885464,2.369215857410143,3.965702953702188,0.0
206.0,3.148302441898081,2.9614210940664485,2.3443922736851106,3.9659665172227685,0.0
207.0,3.1708404319034673,2.9489017609702137,2.369215857410143,3.9662632947567253,0.0
208.0,3.1662829696032677,2.9469432706978256,2.374748346010104,3.966570138854614,0.0
209.0,3.1381833441663156,2.9439888750737717,2.376576957056512,3.9668541874934475,0.0
210.0,3.1037524509245125,2.9508514588885464,2.374748346010104,3.9670945065083996,0.0
211.0,3.0892475627546556,2.9400181550076634,2.369215857410143,3.9672914066736884,0.0
212.0,3.1039063357898073,2.930949031167523,2.3783979009481375,3.9674603084562814,0.0
213.0,3.127391318644069,2.91539983521227,2.392696953259666,3.9676164271714796,0.0
214.0,3.138290437065183,2.9003671286564705,2.41161970596323,3.9677666834003773,0.0
215.0,3.1257497756677615,2.8981764834976764,2.429752280002408,3.967918315705319,0.0
216.0,3.0902539217979417,2.8836614351536176,2.428134794028789,3.9680860692267887,0.0
217.0,3.0467531493034397,2.8709888137605755,2.4456042032735974,3.9682851678094377,0.0
218.0,3.025600391143777,2.8756399370041685,2.4683473304121573,3.968523772074899,0.0
219.0,3.04330215819981,2.8651039746411278,2.4727564493172123,3.9687929959338537,0.0
220.0,3.0793100206691855,2.8767949762007006,2.4800069429571505,3.969063277488947,0.0
221.0,3.1083628424223435,2.8767949762007006,2.4955443375464483,3.969300149013743,0.0
222.0,3.1171930460241857,2.869818207979328,2.513217600067939,3.9694854578948977,0.0
223.0,3.106429004689972,2.8779469516291885,2.5490032620257876,3.969624337438906,0.0
224.0,3.089011378133995,2.9003671286564705,2.5477747053878224,3.9697389638910376,0.0
225.0,3.0868696563742706,2.9079485216122722,2.5514499979728753,3.9698573627864038,0.0
226.0,3.1092018268095574,2.909020854211156,2.5599066250361124,3.9699987540795396,0.0
227.0,3.139685267452466,2.9079485216122722,2.5728716022004803,3.9701617468904615,0.0
228.0,3.159792886779493,2.931966114728173,2.606381365110605,3.9703332224216146,0.0
229.0,3.162073508461223,2.9489017609702137,2.6283889300503116,3.9705040618718774,0.0
230.0,3.1506592206528774,2.952792443044092,2.6503075231319366,3.970676602666713,0.0
231.0,3.142774948807497,2.962369335670021,2.6532125137753435,3.9708629219089735,0.0
232.0,3.1611270336577677,2.977266212427293,2.673020907128896,3.9710795581672023,0.0
233.0,3.20730944962118,3.003029470553618,2.6884198220027105,3.971332341111648,0.0
234.0,3.2560074363913145,3.0394141191761372,2.708420900134713,3.9716017597247566,0.0
235.0,3.285557143869993,3.0633333589517497,2.7259116322950483,3.9718540441934143,0.0
236.0,3.2860702430420474,3.1089031276673134,2.7371926427047373,3.9720699961791306,0.0
237.0,3.2595048694674578,3.137670537236755,2.7715874808812555,3.97226585492603,0.0
238.0,3.2208490806107877,3.13640344813399,2.791690649020118,3.9724890198784513,0.0
239.0,3.1989189401638938,3.137670537236755,2.780317312140151,3.9727972911584017,0.0
240.0,3.2142832257061027,3.1562461903973444,2.8169038393756605,3.9732232489420696,0.0
241.0,3.2526300745785757,3.153814864344529,2.8394780473741985,3.973746077872933,0.0
242.0,3.2868356568853545,3.1746411926604483,2.864511081058392,3.9743101470940116,0.0
243.0,3.299803077744511,3.1792644643390253,2.886490725172482,3.9748599300615806,0.0
244.0,3.289248785771704,3.1781132523146316,2.9304395947667,3.975356695554332,0.0
245.0,3.2686942444533287,3.192846115188842,2.9444826721501687,3.9757949616623574,0.0
246.0,3.265112889902794,3.196728722623287,2.974971994298069,3.976213214609843,0.0
247.0,3.2936659695885235,3.2022157758011316,3.0132586652835167,3.9766598300018328,0.0
248.0,3.3366279967120454,3.2182728535714475,3.0499928569201424,3.977152596562466,0.0
249.0,3.369734952679969,3.224014811372864,3.079543007402906,3.977671367479076,0.0
250.0,3.3816770880173497,3.2203696324513946,3.1122697684172707,3.9781793704343085,0.0
251.0,3.3763426530836216,3.229681842317676,3.133858125203335,3.978653370044027,0.0
252.0,3.372792620076375,3.246252312299322,3.1670217957902564,3.9790996849413207,0.0
253.0,3.398888022701669,3.2511513431753545,3.1958996524092336,3.9795532748654483,0.0
254.0,3.4599645660282876,3.2835273648616936,3.230193378869046,3.980053022932053,0.0
255.0,3.5291124673508,3.3298045221640695,3.2648178230095364,3.9806001395547366,0.0
256.0,3.5807507311662925,3.385069776331935,3.2889196056617265,3.9811567889553046,0.0
257.0,3.6044720672035373,3.4308809464528913,3.3142886609474975,3.981701403391854,0.0
258.0,3.6053365366384935,3.472317546316842,3.3510228525841237,3.982253215664011,0.0
259.0,3.603081600823498,3.4942937686653326,3.37675939540488,3.9828672908938936,0.0
260.0,3.6253305678128647,3.5101426994025733,3.406028944963615,3.9836289338739865,0.0
261.0,3.6795835367202785,3.5389505620143615,3.4239009185284166,3.9845858810458634,0.0
262.0,3.742254454660656,3.552303109338354,3.439963935920905,3.985701206722614,0.0
263.0,3.7880840607835746,3.576916955965207,3.4533183400470375,3.9868942060733663,0.0
264.0,3.8070961475665515,3.607776603741693,3.4632956099620027,3.98808768391563,0.0
265.0,3.80549137688424,3.6395860866734266,3.4782778319196046,3.989236884738971,0.0
266.0,3.8045570504365593,3.656002320682957,3.485579476984679,3.9903612264982815,0.0
267.0,3.833080761710516,3.675686708699401,3.494850021680094,3.9915509910669558,0.0
268.0,3.8972523578815563,3.705778212828598,3.503245771465113,3.9929082192656926,0.0
269.0,3.9711583398498376,3.7487305560984945,3.518382315545344,3.9944528915085327,0.0
270.0,4.029317026775924,3.7938602013426697,3.5217916496391233,3.996097318576805,0.0
271.0,4.061700541189507,3.834738518903841,3.5296869537729165,3.997746621529154,0.0
272.0,4.072527423466802,3.8703453710809597,3.5360531551592045,3.9993820014249124,0.0
273.0,4.077366702933487,3.9018395920512297,3.5462958351214424,4.001094997090394,0.0
274.0,4.096755205307673,3.9217384836845985,3.551693915127225,4.003083739940335,0.0
275.0,4.137184669209188,3.9550620696750323,3.555578072772955,4.005483826885654,0.0
276.0,4.183828082380105,3.988157472556753,3.5582284218033258,4.008244168231371,0.0
277.0,4.218437862143834,4.01262635095405,3.5602653978627146,4.0112211498984065,0.0
278.0,4.231618231796068,4.0327396052094935,3.569373909615046,4.014298672922086,0.0
279.0,4.22446802054017,4.05595140532915,3.572987708198205,4.017438235605696,0.0
280.0,4.2090353527227125,4.068742292932981,3.57611089412084,4.020760340777182,0.0
281.0,4.20548234854544,4.0806625563941825,3.5773768919170146,4.024514735045438,0.0
282.0,4.225011831903712,4.097777734539283,3.5828584622244994,4.028868659181557,0.0
283.0,4.256106684012682,4.114177140244449,3.5861370252307934,4.033700866268583,0.0
284.0,4.279591582032596,4.123818986018997,3.58983794314746,4.038660325076037,0.0
285.0,4.283424012713888,4.135927335005468,3.591064607026499,4.043449599070814,0.0
286.0,4.267198892523829,4.1397846642937,3.594060901270418,4.048025755970303,0.0
287.0,4.242867270556209,4.141167468646232,3.5935075893317654,4.052659444382637,0.0
288.0,4.231688443322172,4.142858551113391,3.5975855017522047,4.057831794021671,0.0
289.0,4.245986166962683,4.142983554922818,3.599992177584098,4.063852250409909,0.0
290.0,4.2734206637931,4.1433583506154665,3.6033609243483804,4.0705413890149575,0.0
291.0,4.29290671561892,4.151461787124331,3.607669436688243,4.0774229378283335,0.0
292.0,4.291649888306816,4.163727735958905,3.6137361412618714,4.084071046056185,0.0
293.0,4.26902837759446,4.1741470650970305,3.621384028481653,4.090306684654545,0.0
294.0,4.2379945026398405,4.185513824218538,3.6290016192869916,4.096330747851119,0.0
295.0,4.223159873101196,4.185117001142592,3.6313422864839326,4.102663941937745,0.0
296.0,4.239203473857325,4.1929296788902,3.637489729512511,4.109736292186969,0.0
297.0,4.271851976273458,4.209863382701547,3.6466977312993345,4.1174631736133,0.0
298.0,4.296996593374133,4.212533836186607,3.6524397475894204,4.125301252560456,0.0
299.0,4.299448125678312,4.214976234722067,3.658393026279124,4.132697974705523,0.0
300.0,4.277055058505737,4.218666771495871,3.6698745024898023,4.1394545324904595,0.0
301.0,4.241862077888814,4.2133849249163875,3.6754116937148633,4.1459371480991525,0.0
302.0,4.218245695881863,4.215822555154372,3.6843964784190204,4.152955275936507,0.0
303.0,4.224921538613291,4.220709404879567,3.686278678067201,4.161157236441999,0.0
304.0,4.251691494919901,4.216033877818673,3.6906390117159673,4.170471863796452,0.0
305.0,4.2735348450596815,4.22419626966024,3.6939027410660605,4.180250701245402,0.0
306.0,4.273522550500091,4.223366126439861,3.7015679850559273,4.189773224095302,0.0
307.0,4.249483442077036,4.222378265944956,3.713406532167691,4.198622418096946,0.0
308.0,4.215441489294852,4.227655361923043,3.717504074764202,4.206899540605278,0.0
309.0,4.199102372891918,4.227346713181427,3.719497016610582,4.215239126699785,0.0
310.0,4.21777447479122,4.226264711895694,3.728110184100341,4.224314736618903,3.9329396856577894
311.0,4.256008455672504,4.233123078521081,3.7309436934277356,4.2342285011958,4.458272385190395
312.0,4.287143482914947,4.237267189503993,3.7432745235119333,4.244500601396608,4.775378670522784
313.0,4.295730947162547,4.2510782644840015,3.745309059940828,4.254481718266891,4.99674759263073
314.0,4.2816398307857195,4.261667228774185,3.748265572668741,4.263709694840028,5.157328403358874
315.0,4.260108735625432,4.263328284986231,3.7520484478194387,4.272246855694281,5.275627586717286
316.0,4.257251281697402,4.2690690833279765,3.7518946880437474,4.280706586201129,5.36481015983415
317.0,4.287393027908988,4.281374302355047,3.7512020945883533,4.2897472644500345,5.435465891636367
318.0,4.333958633226283,4.295720999848835,3.748575616930992,4.299434827399573,5.496467254464363
319.0,4.370706071195634,4.310332135002271,3.7577754910119254,4.309292886733487,5.553875987495588
320.0,4.3831255976836045,4.324673350189245,3.7605732539443943,4.318836844223294,5.609871017495728
321.0,4.371393125063821,4.336719832364342,3.759290033024304,4.32790590183668,5.663392265162242
322.0,4.349504652569667,4.3505387432018106,3.75373622217501,4.336849125029108,5.712670764846504
323.0,4.341323224598748,4.357153175823959,3.7460890430562004,4.346451624229206,5.757662277163649
324.0,4.361029269412568,4.366030513983194,3.739809599021359,4.3573454049404114,5.799994585389536
325.0,4.3960116271533,4.376449204597317,3.7393349601960795,4.36937184486314,5.841812747111792
326.0,4.423224176789736,4.386052848940389,3.733598460961339,4.381742527291678,5.88434780003248
327.0,4.430024079851849,4.3910233693700995,3.7259932589247224,4.393683030297239,5.926831236479763
328.0,4.418437790161205,4.400934975810852,3.7233735670189843,4.404834031821394,5.9672247726360075
329.0,4.398692211407284,4.403137686626381,3.718584720027436,4.415293713146856,6.003917911880023
330.0,4.383205685208813,4.405226797459939,3.7148325124333326,4.425412161761052,6.0367615235150245
331.0,4.377540722430731,4.407747712226174,3.709863317440399,4.435413364551946,6.0669076247966265
332.0,4.371706077289766,4.4154241120765345,3.7054360465852505,4.445054727613264,6.096266318333683
333.0,4.349491842315369,4.420104340950183,3.70035752782266,4.453841089656079,6.126452900931566
334.0,4.304964657301234,4.391164551697127,3.696618459232225,4.461617372295854,6.1575435962843175
335.0,4.25075085837027,4.350887356343713,3.6994908452722046,4.468807784709334,6.1882188707471535
336.0,4.214610718637709,4.3429947829274775,3.694429690957083,4.476238490095118,6.216746861834206
337.0,4.220490565313793,4.3485579654364575,3.6844862921887342,4.484719889381138,6.242053449072739
338.0,4.260806441155498,4.349724222634397,3.680154141734373,4.49446127604447,6.264119919669664
339.0,4.298595640480436,4.357191338783729,3.678518379040114,4.504752493236026,6.284005035225031
340.0,4.302705545966377,4.352356201169828,3.668199484198662,4.514462477822462,6.303099286952809
341.0,4.265208907031231,4.355930187078868,3.6651117370750512,4.522803630801679,6.322109892329988
342.0,4.2025766141179135,4.350964787943099,3.664735968518705,4.529804428578673,6.3409167977860035
343.0,4.155428290130724,4.349141485519633,3.660106221723244,4.536343917099311,6.359095534424222
344.0,4.169276619058135,4.3457852819592135,3.6534054906645013,4.543725211228255,6.376550548400589
345.0,4.241368449010212,4.339352049045587,3.6472851450253665,4.552865402039031,6.393692120892696
346.0,4.32050106394551,4.324508805747058,3.641176546613114,4.563651254186152,6.411375240129477
347.0,4.366279422729444,4.310374642047612,3.6386888866901237,4.575095204925274,6.430299308489703
348.0,4.367618921098977,4.3322970386888855,3.638189640190837,4.5860477281552,6.450243477802481
349.0,4.333062901527989,4.36852860897939,3.635785235533652,4.595872430263587,6.47017214685078
350.0,4.283019462021025,4.368305483839283,3.6298171960185157,4.604697816100079,6.488891156359132
351.0,4.2457410548288745,4.355355723394706,3.625621081424908,4.613236645245132,6.505685817709791
352.0,4.241965760464985,4.345354123142127,3.621072371143626,4.622190161839482,6.520625510777789
353.0,4.261118588168665,4.334152052992287,3.609914410085998,4.631669860917328,6.534594985814329
354.0,4.273544906288714,4.33010925459283,3.598352709869284,4.641260984887146,6.5487261633681175
355.0,4.2612223746905995,4.320872965227249,3.5947239464097467,4.650389218960415,6.563558570126469
356.0,4.222375008920311,4.310544628636955,3.597366050266028,4.658649901214212,6.578859368579947
357.0,4.169331262192313,4.305630775996965,3.5852350633657752,4.666073536848473,6.593919823538862
358.0,4.130679242037255,4.304684365974386,3.5727554651542195,4.673175422846334,6.6080612480190295
359.0,4.131857517729431,4.295325147042704,3.5653755027140734,4.6805022608345075,6.621031069434824
360.0,4.159772367327411,4.287017501322102,3.5504729571065634,4.688140545654263,6.633216679455085
361.0,4.179792835009068,4.283911526303729,3.5423273827739745,4.695744575800434,6.645297862900768
362.0,4.172291548673841,4.273949892550008,3.534660575828444,4.702835105722317,6.657639613103329
363.0,4.136002189647642,4.263754388840006,3.536179532137225,4.709130619281141,6.6701700059068765
364.0,4.083342133310551,4.261857385629898,3.525692524505011,4.714759023718524,6.682568784324469
365.0,4.042290363949522,4.254813841034874,3.511749711344983,4.7202461338995505,6.6945316365040215
366.0,4.040294058353459,4.248733229804805,3.5022905279147727,4.7261089564006165,6.7060388675137
367.0,4.067681228541686,4.234086825138971,3.494432898726399,4.732392142059567,6.717533123702074
368.0,4.08967803907274,4.224610746978335,3.4888326343824003,4.738745461538616,6.7295826828844145
369.0,4.085192869168118,4.212267528548938,3.485295438726089,4.744749673765786,6.742335672985069
370.0,4.052354396451184,4.200987219163166,3.485579476984679,4.750161254403354,6.755488786450754
371.0,4.003182866421335,4.1874925189804255,3.4825877695267677,4.755072209088215,6.768551135107601
372.0,3.9645784741514287,4.18261434773635,3.4708513245261177,4.759897242628855,6.781160858549783
373.0,3.9636786506930615,4.1730988177662285,3.462397997898956,4.76503349161072,6.79332360643513
374.0,3.99121662946111,4.163250849512631,3.454692449239477,4.770488683228135,6.805520512275024
375.0,4.012318688392116,4.145600357652248,3.4513258084895195,4.7759132436335445,6.818344663754323
376.0,4.0054150604406855,4.140790776625303,3.453471233722936,4.7808853049451905,6.831978541019899
377.0,3.9673419119935995,4.128237670769187,3.4578818967339924,4.78515051900455,6.84613085245951
378.0,3.9089418217590817,4.123753668755842,3.455758203104137,4.78876323267011,6.86025276786129
379.0,3.858288612636065,4.118165485243124,3.450864692379766,4.792087855006784,6.873831243477386
380.0,3.8469081551883506,4.103358939866562,3.449478399187365,4.795529922815919,6.8866805991404965
381.0,3.870357420535642,4.082174775484666,3.441852175773292,4.79921043643479,6.899148865482709
382.0,3.8936625671906078,4.068371418032643,3.440279213235588,4.802969234032068,6.911822763910983
383.0,3.8941997559888795,4.044970705292769,3.4452927694259716,4.806542120276667,6.92502441079186
384.0,3.8699121669047156,4.034427905025403,3.4572761860613257,4.809718489620039,6.938668428107657
385.0,3.8334534169673113,4.020568434801363,3.4449811120879446,4.812495248916838,6.9522977522910105
386.0,3.8118154141871194,4.022222104507706,3.4372747974101237,4.815120345903672,6.965283882969552
387.0,3.8298151211969587,4.0178260380304245,3.4407517004791854,4.8178783173576765,6.97710256469857
388.0,3.8730164648333436,4.019739232674706,3.440279213235588,4.820843146151918,6.987638647536826
389.0,3.9059360266040226,4.012288739834607,3.4345689040341987,4.823860666755837,6.997158294044816
390.0,3.9106650228299205,4.0147304950017535,3.443106456737266,4.826696515034051,7.0060061500153115
391.0,3.8892548282014947,4.009408399151867,3.4523998459114416,4.829179980065538,7.014487224768924
392.0,3.8578376550839173,4.018658897585517,3.4553017716570764,4.831301411988035,7.022846201497784
393.0,3.8445570561640476,4.013974177020916,3.456366033129043,4.833241902273603,7.031285494778729
394.0,3.8667725561368442,4.013300786856888,3.461798557525109,4.835220906296719,7.040120733973071
395.0,3.909680376318725,4.007619774517403,3.470116353151004,4.837330093087566,7.049748825288399
396.0,3.94448018439792,4.007107382974057,3.471144965160633,4.839524868127054,7.060186650593001
397.0,3.9546585396620086,4.000303899784813,3.485295438726089,4.841650052374875,7.070995286283592
398.0,3.938234489320816,3.998912904358786,3.4984484031739997,4.8435301817253436,7.081537833200937
399.0,3.904132459519056,3.9946250537686048,3.5009222391903005,4.845101092007828,7.0911109419046605
400.0,3.8566015378423386,3.9899390132845354,3.506234359612126,4.8462730391861415,7.099055388247927
