dataset,model_O,config_O,f1_O,precision_O,recall_O,cps_O,kappa_O,n_cps_O,criterion_O,model_P,config_P,f1_P,precision_P,recall_P,covering,cps_P,kappa_P,n_cps_P,criterion_P
bank,mean,ms5_sd50,1.0,1.0,1.0,[],1.190390677971708,0,oracle,mean,ms5_sd50,0.0,0.0,1.0,0.0,"[20, 30, 49, 54, 188, 202, 234, 256, 312, 317, 327, 355, 368, 374, 387]",0.0001190390677971,15,BIC
brent_spot,linear,ms10_sd50,0.8490773482304698,0.875,0.8246464646464645,"[102, 172, 214, 225, 283, 367, 380, 414]",273.13635989568,8,oracle,exponential,ms5_sd50,0.8375451263537906,0.8,0.8787878787878787,0.9531999999999998,"[44, 83, 171, 181, 216, 222, 227, 234, 240, 265, 284, 375, 384, 414, 480]",0.9104545329856,15,BIC
businv,exponential,ms5_sd100,0.888888888888889,0.8,1.0,"[119, 200, 206, 212, 249]",3440451352.4844685,5,oracle,ar2,ms5_sd50,0.769230769230769,1.0,0.6249999999999999,0.7431818181818182,"[203, 214]",344045135.2484469,2,BIC
centralia,mean,ms5_sd50,0.7586206896551723,1.0,0.611111111111111,[9],828.4667733333333,1,oracle,mean,ms5_sd50,0.7586206896551723,1.0,0.611111111111111,0.6222222222222222,[9],828.4667733333333,1,BIC
children_per_woman,quadratic,ms5_sd50,0.9743589743589745,1.0,0.95,"[143, 173, 200]",0.0701815906667697,3,oracle,ar2,ms15_sd50,0.838235294117647,0.75,0.95,0.9740863787375416,"[119, 147, 165, 180]",0.0023393863555589,4,BIC
co2_canada,power,ms5_sd100,0.946312092323131,1.0,0.8980952380952381,"[79, 104, 131, 141, 161, 170]",1.2703293567578218,6,oracle,exponential,ms5_sd100,0.7906976744186046,0.6666666666666666,0.9714285714285712,0.9516279069767444,"[80, 111, 119, 131, 140, 145, 159, 168, 173, 181, 190, 203]",0.423443118919274,12,BIC
construction,linear,ms10_sd50,0.8571428571428571,1.0,0.75,"[190, 220]",272831598.787335,2,oracle,logistic,ms15_sd100,0.8076923076923077,0.75,0.875,0.9890282131661442,"[136, 166, 192, 215]",27283159.8787335,4,BIC
debt_ireland,mean,ms5_sd50,0.9473684210526316,1.0,0.9,"[9, 15]",1.003342781232398,2,oracle,mean,ms5_sd50,0.9473684210526316,1.0,0.9,0.8857142857142858,"[9, 15]",1.003342781232398,2,BIC
gdp_argentina,logistic,ms5_sd100,1.0,1.0,1.0,"[33, 42, 51]",2.693745957712452e+20,3,oracle,logistic,ms5_sd100,1.0,1.0,1.0,0.9152542372881356,"[33, 42, 51]",2.693745957712452e+20,3,BIC
gdp_croatia,mean,ms10_sd50,1.0,1.0,1.0,[10],1.777013107163011e+18,1,oracle,mean,ms10_sd50,1.0,1.0,1.0,0.8333333333333334,[10],1.777013107163011e+18,1,BIC
gdp_iran,ar1,ms5_sd50,0.9565217391304348,1.0,0.9166666666666666,"[14, 20]",7.774052486367478e+28,2,oracle,ar1,ms5_sd50,0.9565217391304348,1.0,0.9166666666666666,0.9051724137931034,"[14, 20]",7.774052486367478e+28,2,BIC
gdp_japan,linear,ms5_sd50,1.0,1.0,1.0,[30],3.809529434728466e+27,1,oracle,cubic,ms5_sd50,0.6666666666666666,0.5,1.0,0.9310344827586208,"[28, 48]",3.809529434728466e+25,2,BIC
global_co2,power,ms10_sd50,0.8,0.6666666666666666,1.0,"[43, 68, 88]",6.701918661008918,3,oracle,power,ms10_sd50,0.8,0.6666666666666666,1.0,0.9423076923076924,"[43, 68, 88]",6.701918661008918,3,BIC
homeruns,linear,ms10_sd50,0.907563025210084,0.8571428571428571,0.9642857142857144,"[18, 40, 60, 71, 84, 95, 106]",2242.514010629129,7,oracle,linear_global_slope,ms10_sd50,0.907563025210084,0.8571428571428571,0.9642857142857144,0.972457627118644,"[18, 40, 60, 71, 84, 95, 106]",7475.046702097098,7,BIC
jfk_passengers,cubic,ms5_sd100,0.8571428571428571,1.0,0.75,[297],240170280240.18933,1,oracle,cubic,ms5_sd100,0.8571428571428571,1.0,0.75,0.9503205128205128,[297],240170280240.18933,1,BIC
lga_passengers,quadratic,ms5_sd100,0.8855721393034826,1.0,0.7946428571428571,"[165, 296, 380]",94454286614.57487,3,oracle,quadratic,ms5_sd100,0.8855721393034826,1.0,0.7946428571428571,0.8814102564102564,"[165, 296, 380]",94454286614.57487,3,BIC
nile,mean,ms5_sd50,1.0,1.0,1.0,[27],28351.5675,1,oracle,mean,ms5_sd50,1.0,1.0,1.0,0.99,[27],28351.5675,1,BIC
ozone,cubic,ms5_sd50,1.0,1.0,1.0,"[14, 27]",3294390946.5020576,2,oracle,log_linear,ms10_sd50,1.0,1.0,1.0,0.962962962962963,"[10, 27]",3294390946.5020576,2,BIC
quality_control_1,mean,ms5_sd50,1.0,1.0,1.0,[143],13.538687830885497,1,oracle,linear,ms5_sd50,1.0,1.0,1.0,0.9961661341853034,[143],1.3538687830885496,1,BIC
quality_control_2,mean,ms5_sd50,1.0,1.0,1.0,[95],1.5620924569039325,1,oracle,mean,ms5_sd50,1.0,1.0,1.0,0.9902826855123674,[95],1.5620924569039325,1,BIC
quality_control_3,mean,ms5_sd50,1.0,1.0,1.0,[180],4.608306486331896,1,oracle,mean,ms5_sd50,1.0,1.0,1.0,0.99672131147541,[180],4.608306486331896,1,BIC
quality_control_4,cubic,ms5_sd100,0.8571428571428571,1.0,0.75,[340],11.340577796006157,1,oracle,power,ms5_sd50,0.7252747252747253,0.6,0.9166666666666666,0.9853333333333332,"[175, 240, 290, 340, 468]",3.780192598668719,5,BIC
quality_control_5,mean,ms5_sd50,1.0,1.0,1.0,[],0.9901250528950002,0,oracle,mean,ms5_sd50,1.0,1.0,1.0,1.0,[],0.9901250528950002,0,BIC
rail_lines,quadratic,ms5_sd50,1.0,1.0,1.0,"[10, 20, 26]",53557945.2389222,3,oracle,linear,ms5_sd50,0.9473684210526316,1.0,0.9,0.9783783783783784,"[10, 26]",53557945.2389222,2,BIC
run_log,mean,ms5_sd100,1.0,1.0,1.0,"[5, 59, 96, 117, 174, 204, 240, 258, 317]",14.737188675111538,9,oracle,linear_global_slope,ms5_sd100,1.0,1.0,1.0,0.9940159574468086,"[5, 60, 96, 114, 176, 204, 240, 258, 317]",14.737188675111538,9,BIC
seatbelts,linear,ms5_sd50,0.9565217391304348,1.0,0.9166666666666666,"[59, 168]",83437.66078016492,2,oracle,linear,ms5_sd50,0.9565217391304348,1.0,0.9166666666666666,0.9635416666666669,"[59, 168]",83437.66078016492,2,BIC
shanghai_license,quadratic,ms5_sd50,0.9473684210526316,1.0,0.9,[145],2156674092.178162,1,oracle,mean,ms10_sd100,0.5538461538461539,0.4,0.9,0.9590243902439024,"[58, 137, 148, 168, 194]",718891364.0593874,5,BIC
uk_coal_employ,exponential,ms10_sd100,1.0,1.0,1.0,"[14, 24, 44, 55, 68, 79]",150391834.5979777,6,oracle,mean,ms5_sd100,0.9411764705882352,0.8888888888888888,1.0,0.9095238095238096,"[6, 12, 18, 28, 46, 52, 57, 70, 76]",4511755037.939331,9,BIC
unemployment_nl,exponential,ms5_sd50,0.8995633187772926,1.0,0.8174603174603174,"[55, 131, 141, 166, 181]",7.849598637431828,5,oracle,ar1,ms5_sd50,0.8995633187772926,1.0,0.8174603174603174,0.8049065420560748,"[131, 137, 143, 175, 183]",0.7849598637431829,5,BIC
us_population,mean,ms5_sd100,1.0,1.0,1.0,[461],7.647167662992906e+16,1,oracle,cubic,ms5_sd100,1.0,1.0,1.0,0.9987745098039216,[461],2549055887664.3022,1,BIC
usd_isk,quadratic,ms5_sd50,0.9090909090909092,1.0,0.8333333333333333,"[33, 113, 120]",2.55871602854767e-06,3,oracle,mean_drift,ms10_sd50,0.880503144654088,0.8333333333333334,0.9333333333333332,0.9676113360323888,"[40, 86, 102, 114, 124, 220]",8.529053428492234e-07,6,BIC
well_log,mean,ms5_sd100,0.9320388349514565,0.9230769230769232,0.9411764705882352,"[181, 255, 282, 311, 343, 402, 412, 422, 432, 461, 466, 658, 663]",81713603.08484681,13,oracle,mean,ms10_sd50,0.871469940350964,0.9090909090909092,0.8368389780154486,0.947851851851852,"[181, 255, 281, 312, 342, 402, 412, 432, 452, 462, 658]",81713603.08484681,11,BIC
